<?xml version='1.0' encoding='UTF-8'?>
<!DOCTYPE sailpoint PUBLIC "sailpoint.dtd" "sailpoint.dtd">
<sailpoint>
    <SPRight displayName="geoMapPluginRestServiceAllow" name="geoMapPluginRestServiceAllow">
        <Description>Allow access to Geo Map Plugin REST Service</Description>
    </SPRight>

    <Capability displayName="geoMapPluginRestServiceAccess" name="geoMapPluginRestServiceAccess">
        <Description>Allow access to Geo Map Plugin REST Service</Description>
        <RightRefs>
            <Reference class="sailpoint.object.SPRight" name="geoMapPluginRestServiceAllow"/>
        </RightRefs>
    </Capability>

    <SPRight displayName="geoMapPluginRight" name="geoMapPluginRight">
        <Description>Access to use the Geo Map Plugin</Description>
    </SPRight>

    <SPRight displayName="geoMapPluginIconRight" name="geoMapPluginIconRight">
        <Description>Access to see (load) the Geo Map Plugin header inject snippet</Description>
    </SPRight>

    <Capability displayName="geoMapPluginCapability" name="geoMapPluginCapability">
        <Description>Allow access to Geo Map Plugin</Description>
        <RightRefs>
            <Reference class="sailpoint.object.SPRight" name="geoMapPluginRight"/>
            <Reference class="sailpoint.object.SPRight" name="geoMapPluginIconRight"/>
        </RightRefs>
    </Capability>

</sailpoint>

