<?xml version='1.0' encoding='UTF-8'?>
<!DOCTYPE sailpoint PUBLIC "sailpoint.dtd" "sailpoint.dtd">
<sailpoint>
    <SPRight displayName="customConnectorPluginRestServiceAllow" name="customConnectorPluginRestServiceAllow">
        <Description>Allow access to Custom Connector Plugin REST Service</Description>
    </SPRight>

    <Capability displayName="customConnectorPluginRestServiceAccess" name="customConnectorPluginRestServiceAccess">
        <Description>Allow access to Custom Connector Plugin REST Service</Description>
        <RightRefs>
            <Reference class="sailpoint.object.SPRight" name="customConnectorPluginRestServiceAllow"/>
        </RightRefs>
    </Capability>

    <SPRight displayName="customConnectorPluginRight" name="customConnectorPluginRight">
        <Description>Access to use the Custom Connector Plugin</Description>
    </SPRight>

    <SPRight displayName="customConnectorPluginIconRight" name="customConnectorPluginIconRight">
        <Description>Access to see (load) the Custom Connector Plugin header inject snippet</Description>
    </SPRight>

    <Capability displayName="customConnectorPluginCapability" name="customConnectorPluginCapability">
        <Description>Allow access to Custom Connector Plugin</Description>
        <RightRefs>
            <Reference class="sailpoint.object.SPRight" name="customConnectorPluginRight"/>
            <Reference class="sailpoint.object.SPRight" name="customConnectorPluginIconRight"/>
        </RightRefs>
    </Capability>

</sailpoint>

